entry_date,exit_date,symbol,size,entry_price,exit_price,pnl
2015-02-02,2015-03-02,510160,409713,0.488,0.516,11348.56
2015-02-02,2015-03-02,513500,354755,0.5636,0.5946,10874.14
2015-02-02,2015-03-02,513100,751936,0.2659,0.2839,13410.82
2015-02-02,2015-04-01,510230,180304,1.1089,1.268,28557.8
2015-02-02,2015-04-01,510900,178517,1.12,1.25,23080.28
2015-03-02,2015-04-01,510170,274194,0.4635,0.5231,16260.81
2015-03-02,2015-04-01,510660,99677,1.275,1.5,22344.34
2015-04-01,2015-05-04,513660,201463,0.9912,1.0935,20483.67
2015-03-02,2015-06-01,518800,51557,2.465,2.355,-5745.82
2015-04-01,2015-06-01,513500,342874,0.5824,0.5946,4061.99
2015-04-01,2015-06-01,513100,715735,0.279,0.2872,5747.45
2015-04-01,2015-06-01,513030,195774,1.02,1.0,-4034.12
2015-05-04,2015-06-01,159902,20556,4.085,5.13,21424.19
2015-06-01,2015-07-01,510230,174040,1.3416,1.3363,-1062.23
2015-06-01,2015-07-01,513660,215498,1.0835,1.0744,-2100.54
2015-06-01,2015-07-01,510160,311739,0.749,0.72,-9177.81
2015-06-01,2015-07-01,513600,106133,2.2,2.097,-11068.52
2015-07-01,2015-08-03,159902,42971,4.238,3.755,-20858.03
2015-07-01,2015-08-03,510660,100838,1.806,1.578,-23093.43
2015-07-01,2015-08-03,159901,70825,2.5713,2.2182,-25110.07
2015-06-01,2015-09-01,510900,176754,1.321,0.983,-59865.02
2015-08-03,2015-09-01,510230,119157,1.1068,0.9675,-16672.72
2015-08-03,2015-10-08,510170,264719,0.4982,0.4126,-22732.28
2015-09-01,2015-10-08,159901,59180,1.8676,1.8118,-3367.57
2015-07-01,2015-11-02,159939,234622,0.7762,0.6005,-41319.99
2015-08-03,2015-11-02,159905,114184,1.155,1.032,-14119.55
2015-09-01,2015-11-02,159902,34855,3.171,3.6,14881.99
2015-10-08,2015-11-02,513030,129220,0.848,0.892,5618.23
2015-10-08,2015-11-02,159928,322764,0.3395,0.3423,837.72
2015-11-02,2015-12-01,510160,356099,0.527,0.525,-824.58
2015-11-02,2015-12-01,513660,204338,0.9184,0.927,1644.18
2015-11-02,2016-01-04,518800,81240,2.31,2.21,-8234.16
2015-12-01,2016-01-04,510660,49331,1.525,1.7,8585.2
2015-12-01,2016-01-04,510170,175076,0.4297,0.4468,2947.76
2015-11-02,2016-02-01,510900,182198,1.03,0.851,-32716.26
2015-11-02,2016-02-01,513600,100894,1.86,1.689,-17360.3
2016-01-04,2016-02-01,510160,212800,0.533,0.419,-24319.98
2016-01-04,2016-02-01,513660,122091,0.929,0.8417,-10723.4
2016-02-01,2016-03-01,510660,116328,1.279,1.26,-2298.84
2016-02-01,2016-03-01,510170,431885,0.3445,0.3759,13467.85
2016-01-04,2016-04-01,512070,178225,0.6364,0.5489,-15658.06
2016-02-01,2016-04-01,159939,294739,0.5048,0.5541,14437.0
2016-02-01,2016-04-01,159902,50710,2.934,3.2,13395.54
2016-03-01,2016-04-01,159901,54147,1.6899,1.8995,11290.9
2016-03-01,2016-04-01,510160,223726,0.409,0.457,10680.72
2016-04-01,2016-05-03,518800,70990,2.543,2.678,9472.46
2016-04-01,2016-05-03,513500,292118,0.618,0.6292,3162.42
2016-04-01,2016-05-03,159941,758526,0.238,0.238,-108.32
2016-04-01,2016-05-03,513100,601564,0.3001,0.2942,-3656.48
2016-04-01,2016-05-03,513600,103396,1.746,1.788,4233.01
2016-05-03,2016-06-01,159939,340110,0.5385,0.5482,3188.19
2016-05-03,2016-06-01,512070,346479,0.5286,0.5438,5155.01
2016-05-03,2016-06-01,159902,58626,3.124,3.162,2117.23
2016-05-03,2016-06-01,159901,98245,1.8642,1.8681,273.15
2016-05-03,2016-07-01,510660,135165,1.355,1.395,5295.09
2016-06-01,2016-07-01,510170,392983,0.3783,0.3885,3918.02
2016-06-01,2016-07-01,518800,58186,2.555,2.816,15092.79
2016-06-01,2016-07-01,510900,165184,0.9,0.932,5195.1
2016-06-01,2016-07-01,510160,331842,0.448,0.442,-2079.65
2016-07-01,2016-08-01,513030,221834,0.86,0.9,8756.23
2016-07-01,2016-08-01,513100,631715,0.302,0.3405,24199.26
2016-07-01,2016-08-01,159941,778685,0.245,0.259,10783.85
2016-07-01,2016-08-01,513500,290997,0.6556,0.7217,19114.66
2016-07-01,2016-08-01,513600,104765,1.821,1.935,11825.16
2016-08-01,2016-09-01,159939,366421,0.5614,0.5736,4345.57
2016-08-01,2016-09-01,159902,63726,3.228,3.347,7457.69
2016-08-01,2016-09-01,512070,379187,0.5425,0.5742,11893.2
2016-08-01,2016-09-01,159901,106923,1.9239,2.0238,10554.98
2016-08-01,2016-10-10,518800,71951,2.859,2.707,-11056.7
2016-09-01,2016-10-10,513500,240044,0.7141,0.7364,5248.53
2016-09-01,2016-10-10,159941,649302,0.264,0.27,3791.79
2016-09-01,2016-10-10,159928,460300,0.3724,0.3663,-2909.84
2016-09-01,2016-11-01,510170,420343,0.4078,0.4107,1115.78
2016-10-10,2016-11-01,159949,192705,0.92,0.923,471.57
2016-10-10,2016-11-01,510160,380449,0.466,0.495,10923.34
2016-10-10,2016-11-01,510810,178180,0.995,1.003,1318.64
2016-10-10,2016-11-01,159902,54117,3.276,3.311,1787.15
2016-11-01,2016-12-01,513100,632945,0.3392,0.3486,5819.08
2016-11-01,2016-12-01,513600,104933,2.046,2.098,5326.06
2016-11-01,2016-12-01,510900,205843,1.043,1.095,10571.81
2016-11-01,2017-01-03,518800,77423,2.773,2.622,-11816.18
2016-11-01,2017-01-03,513660,207074,1.0368,1.0042,-6877.4
2016-12-01,2017-01-03,513030,146008,0.912,0.983,10283.56
2016-12-01,2017-01-03,159902,40180,3.314,3.118,-7952.81
2016-12-01,2017-01-03,510660,85743,1.553,1.5,-4622.91
2017-01-03,2017-02-03,159905,182843,1.175,1.193,3161.28
2017-01-03,2017-02-03,159901,111212,1.9318,1.9435,1171.89
2017-01-03,2017-02-03,512070,376782,0.5702,0.5742,1377.77
2017-01-03,2017-03-01,159939,405207,0.5302,0.5321,640.76
2017-02-03,2017-03-01,513500,176838,0.7354,0.7695,5950.34
2017-02-03,2017-03-01,159902,42624,3.051,3.181,5461.43
2017-02-03,2017-03-01,159941,411540,0.316,0.325,3624.72
2017-03-01,2017-04-05,510230,154706,1.1386,1.1179,-3307.14
2017-03-01,2017-04-05,513030,176325,0.999,1.054,9589.28
2017-03-01,2017-04-05,512010,510577,0.345,0.3721,13726.8
2017-03-01,2017-05-02,512070,304756,0.578,0.5614,-5163.12
2017-04-05,2017-05-02,513500,181172,0.7999,0.7913,-1644.56
2017-04-05,2017-05-02,510170,342844,0.4227,0.4198,-1080.9
2017-04-05,2017-06-01,510810,146532,0.989,0.971,-2723.74
2017-05-02,2017-06-01,510900,132614,1.128,1.15,2826.88
2017-01-03,2017-07-03,159949,263932,0.814,0.732,-21764.84
2017-05-02,2017-07-03,159939,285856,0.5233,0.5258,624.67
2017-05-02,2017-07-03,159902,47114,3.175,3.338,7587.53
2017-06-01,2017-07-03,510170,301034,0.3945,0.4191,7331.96
2017-06-01,2017-08-01,518800,42873,2.77,2.732,-1699.94
2017-07-03,2017-08-01,159941,624019,0.315,0.324,5496.55
2017-07-03,2017-08-01,513100,499786,0.3933,0.4051,5777.77
2017-07-03,2017-08-01,510900,174106,1.129,1.192,10847.45
2017-07-03,2017-08-01,513030,178210,1.103,1.104,60.22
2017-08-01,2017-09-01,159949,326656,0.687,0.747,19458.83
2017-08-01,2017-09-01,510660,136837,1.64,1.684,5884.37
2017-08-01,2017-09-01,159939,437793,0.5126,0.5438,13520.4
2017-08-01,2017-09-01,512010,574092,0.3909,0.3815,-5529.49
2017-08-01,2017-09-01,159928,493649,0.4546,0.4768,10821.07
2017-09-01,2017-10-09,513050,165185,1.412,1.488,12410.35
2017-09-01,2017-10-09,513500,305769,0.7628,0.7933,9183.21
2017-09-01,2017-10-09,513100,576901,0.4043,0.4113,3897.15
2017-09-01,2017-10-09,513030,213590,1.092,1.144,10963.4
2017-09-01,2017-10-09,159941,722109,0.323,0.328,3469.52
2017-10-09,2017-11-01,512070,350056,0.6891,0.6992,3389.77
2017-10-09,2017-11-01,510230,182165,1.3242,1.3392,2586.92
2017-10-09,2017-11-01,510900,195006,1.237,1.251,2584.53
2017-10-09,2017-11-01,510160,394801,0.611,0.622,4196.77
2017-10-09,2017-12-01,512800,470955,0.5122,0.5157,1503.11
2017-11-01,2017-12-01,510170,394133,0.4961,0.4869,-3742.25
2017-11-01,2017-12-01,518800,72151,2.71,2.71,-117.32
2017-11-01,2017-12-01,513050,132742,1.473,1.498,3200.24
2017-11-01,2018-01-02,512400,199316,0.981,0.945,-7290.54
2017-12-01,2018-01-02,512010,497178,0.412,0.4399,13744.2
2017-12-01,2018-02-01,510810,207115,0.989,0.997,1533.52
2018-01-02,2018-02-01,512070,174959,0.6992,0.733,5838.44
2018-01-02,2018-02-01,510230,91285,1.3401,1.4688,11671.46
2017-12-01,2018-03-01,159949,297296,0.689,0.669,-6067.04
2017-12-01,2018-03-01,159939,379398,0.5399,0.5199,-7708.59
2018-02-01,2018-03-01,512100,79084,2.113,2.031,-6583.21
2018-02-01,2018-03-01,159902,46756,3.574,3.585,413.9
2018-02-01,2018-03-01,510500,30740,5.436,5.273,-5109.38
2018-03-01,2018-04-02,512200,92485,2.6386,2.5981,-3890.94
2018-03-01,2018-04-02,512070,371602,0.6567,0.6313,-9582.28
2018-03-01,2018-04-02,159905,141222,1.728,1.656,-10311.35
2018-03-01,2018-04-02,510900,194447,1.255,1.225,-5978.08
2018-03-01,2018-05-02,510050,99482,2.453,2.253,-20036.85
2018-04-02,2018-05-02,159928,343574,0.5509,0.5491,-731.81
2018-04-02,2018-05-02,512800,378853,0.4996,0.4961,-1439.15
2018-04-02,2018-05-02,510230,148555,1.2741,1.2468,-4167.9
2018-04-02,2018-06-01,513050,130175,1.454,1.459,537.12
2018-05-02,2018-06-01,512400,230712,0.845,0.821,-5652.4
2018-05-02,2018-06-01,159902,57474,3.392,3.417,1319.45
2018-05-02,2018-06-01,512980,206080,0.946,0.916,-6297.52
2018-05-02,2018-06-01,159901,87020,2.2403,2.253,987.85
2018-06-01,2018-07-02,159949,364908,0.633,0.586,-17284.12
2018-06-01,2018-07-02,512200,99336,2.3253,2.1416,-18381.14
2018-06-01,2018-07-02,159915,140759,1.641,1.522,-16883.89
2018-06-01,2018-07-02,512800,483337,0.4779,0.4457,-15697.37
2018-06-01,2018-08-01,159939,460224,0.5019,0.4604,-19232.16
2018-07-02,2018-08-01,512100,97685,1.752,1.733,-1958.14
2018-07-02,2018-08-01,512400,228192,0.75,0.734,-3752.66
2018-07-02,2018-08-01,510500,37302,4.588,4.567,-885.79
2018-07-02,2018-09-03,512980,207699,0.824,0.729,-19828.17
2018-08-01,2018-09-03,159949,309475,0.575,0.525,-15575.88
2018-08-01,2018-09-03,159915,119108,1.494,1.364,-15586.16
2018-08-01,2018-10-08,512010,370263,0.4806,0.437,-16245.39
2018-08-01,2018-10-08,510660,90790,1.96,1.81,-13721.18
2018-09-03,2018-10-08,512400,198487,0.659,0.658,-276.91
2018-09-03,2018-10-08,159928,256476,0.51,0.5463,9228.8
2018-10-08,2018-11-01,159949,343240,0.5,0.46,-13828.45
2018-10-08,2018-11-01,512980,243432,0.705,0.651,-13244.36
2018-10-08,2018-11-01,159915,130311,1.317,1.231,-11306.36
2018-09-03,2018-12-03,513050,98348,1.33,1.197,-13154.84
2018-10-08,2018-12-03,159939,428728,0.4003,0.3901,-4474.69
2018-11-01,2018-12-03,159928,295739,0.4383,0.4768,11304.76
2018-11-01,2018-12-03,512100,94684,1.369,1.484,10807.62
2018-11-01,2018-12-03,159902,53364,2.429,2.539,5790.51
2018-12-03,2019-01-02,512800,397437,0.4835,0.4493,-13703.56
2018-12-03,2019-01-02,512400,319735,0.601,0.568,-10663.39
2018-12-03,2019-01-02,510050,89794,2.14,1.941,-17978.94
2018-12-03,2019-01-02,159941,486484,0.395,0.355,-19568.82
2018-12-03,2019-02-01,510230,158719,1.2107,1.0805,-20774.31
2019-01-02,2019-02-01,512010,408761,0.3458,0.3479,773.33
2019-01-02,2019-02-01,513500,174592,0.8096,0.8523,7368.03
2019-01-02,2019-02-01,510660,97955,1.443,1.405,-3805.98
2019-01-02,2019-02-01,513100,318786,0.4434,0.4704,8519.83
2019-02-01,2019-03-01,510170,485952,0.3667,0.4085,20199.78
2019-02-01,2019-03-01,512100,131511,1.355,1.667,40912.2
2019-02-01,2019-03-01,512400,321658,0.554,0.675,38802.02
2019-02-01,2019-03-01,512980,276706,0.644,0.809,45535.87
2019-02-01,2019-03-01,159915,150760,1.182,1.489,46162.52
2019-03-01,2019-04-01,513600,84212,2.571,2.613,3405.94
2019-03-01,2019-04-01,513500,245977,0.8802,0.8996,4640.62
2019-03-01,2019-05-06,518800,77022,2.811,2.775,-2901.87
2019-03-01,2019-05-06,518880,76586,2.827,2.798,-2350.23
2019-03-01,2019-05-06,513030,220253,0.983,1.008,5374.77
2019-04-01,2019-05-06,510900,72187,1.222,1.211,-846.75
2019-04-01,2019-05-06,512800,168121,0.5247,0.5293,720.2
2019-05-06,2019-06-03,159939,477281,0.457,0.4433,-6667.66
2019-05-06,2019-06-03,512400,351802,0.62,0.648,9716.63
2019-05-06,2019-06-03,159949,415462,0.525,0.508,-7191.61
2019-05-06,2019-06-03,159902,76264,2.86,2.692,-12939.38
2019-06-03,2019-07-01,513050,153296,1.116,1.226,16754.85
2019-06-03,2019-07-01,510660,106924,1.6,1.681,8555.6
2019-06-03,2019-07-01,512070,243736,0.7019,0.7975,23191.52
2019-06-03,2019-07-01,159941,433110,0.395,0.424,12453.77
2019-05-06,2019-08-01,512980,281442,0.775,0.72,-15605.54
2019-07-01,2019-08-01,512100,106736,1.717,1.689,-3097.67
2019-07-01,2019-08-01,512260,154005,1.19,1.157,-5190.6
2019-07-01,2019-08-01,510500,40653,4.508,4.367,-5840.31
2019-07-01,2019-08-01,512200,77642,2.3604,2.3118,-3882.23
2019-08-01,2019-09-02,512690,407116,0.5408,0.5975,22944.45
2019-08-01,2019-09-02,512400,344551,0.639,0.668,9856.88
2019-08-01,2019-09-02,512010,516706,0.4261,0.4631,18980.29
2019-08-01,2019-09-02,159928,299916,0.7341,0.7816,14109.64
2019-08-01,2019-10-08,513660,170660,1.2901,1.2635,-4670.3
2019-09-02,2019-10-08,512800,366381,0.5167,0.5318,5417.11
2019-09-02,2019-10-08,510230,160717,1.1779,1.1906,1926.91
2019-09-02,2019-10-08,512750,189878,0.997,1.006,1594.8
2019-09-02,2019-11-01,510810,205324,0.922,0.908,-2987.26
2019-10-08,2019-11-01,518800,58207,3.373,3.363,-699.69
2019-10-08,2019-11-01,518880,57711,3.402,3.396,-463.96
2019-10-08,2019-11-01,159928,263394,0.7454,0.7788,8676.92
2019-10-08,2019-12-02,512400,304394,0.645,0.625,-6203.85
2019-11-01,2019-12-02,512710,390341,0.5017,0.4936,-3278.31
2019-11-01,2019-12-02,515880,573118,0.3417,0.3424,283.56
2019-11-01,2019-12-02,512480,317038,0.6177,0.6387,6538.3
2019-11-01,2019-12-02,512950,204633,0.957,0.952,-1140.36
2019-12-02,2020-01-02,510230,205508,1.1403,1.2349,19294.62
2019-12-02,2020-01-02,512290,205743,1.139,1.195,11377.55
2019-12-02,2020-01-02,159928,313962,0.7464,0.7773,9557.91
2019-12-02,2020-01-02,513600,91361,2.565,2.707,12828.77
2019-12-02,2020-01-02,512070,322828,0.7259,0.7958,22418.3
2020-01-02,2020-02-03,159941,503903,0.495,0.483,-6194.68
2020-01-02,2020-02-03,513000,224309,1.112,1.02,-20779.9
2020-01-02,2020-02-03,513030,223906,1.114,1.073,-9327.05
2020-01-02,2020-02-03,513520,224309,1.112,1.063,-11137.5
2020-01-02,2020-02-03,513500,232267,1.0739,1.0444,-6999.48
2020-02-03,2020-03-02,512800,474155,0.5031,0.5147,5355.42
2020-02-03,2020-03-02,159985,262717,0.908,0.945,9574.48
2020-02-03,2020-03-02,512200,113974,2.093,2.2659,19557.06
2020-02-03,2020-03-02,510900,205644,1.16,1.184,4790.85
2020-02-03,2020-04-01,510810,297441,0.802,0.786,-4900.76
2020-03-02,2020-04-01,513800,201717,0.985,0.921,-13025.23
2020-03-02,2020-04-01,512690,354110,0.5611,0.5585,-1039.62
2020-03-02,2020-04-01,159980,215500,0.922,0.83,-19939.27
2020-03-02,2020-04-01,159981,217624,0.913,0.792,-26443.82
2020-04-01,2020-05-06,515050,675550,0.3454,0.386,27279.1
2020-04-01,2020-05-06,513030,288424,0.809,0.88,20331.96
2020-04-01,2020-05-06,512480,291232,0.8012,0.9253,35991.05
2020-04-01,2020-05-06,159995,260709,0.895,1.032,35566.42
2020-04-01,2020-05-06,515070,228089,1.023,1.114,20609.87
2020-05-06,2020-06-01,159985,274744,0.951,0.97,5061.8
2020-05-06,2020-06-01,515220,580756,0.4499,0.4563,3558.95
2020-05-06,2020-06-01,510160,489293,0.534,0.524,-5048.23
2020-05-06,2020-06-01,515450,275034,0.95,0.927,-6480.65
2020-05-06,2020-07-01,515150,289029,0.904,0.899,-1601.48
2020-06-01,2020-07-01,515900,245228,0.85,0.859,2081.32
2020-06-01,2020-07-01,513600,89116,2.339,2.434,8338.41
2020-06-01,2020-07-01,513660,177596,1.1737,1.2299,9852.83
2020-06-01,2020-07-01,511380,21433,9.725,9.729,-39.36
2020-07-01,2020-08-03,513500,255040,1.0368,1.0886,13048.45
2020-07-01,2020-08-03,512800,530869,0.4981,0.5257,14488.93
2020-07-01,2020-08-03,513100,355029,0.7448,0.7702,8856.38
2020-07-01,2020-08-03,515450,283415,0.933,1.02,24491.05
2020-07-01,2020-09-01,513520,246896,1.071,1.091,4777.78
2020-08-03,2020-09-01,513600,90793,2.464,2.48,1318.02
2020-08-03,2020-09-01,513660,180051,1.2425,1.259,2835.72
2020-08-03,2020-09-01,510900,191372,1.169,1.161,-1664.75
2020-08-03,2020-09-01,513800,216358,1.034,1.05,3326.46
2020-09-01,2020-10-09,512290,128916,2.162,2.031,-17050.16
2020-09-01,2020-10-09,159995,225499,1.236,1.164,-16398.29
2020-09-01,2020-10-09,512480,252301,1.1047,1.026,-20017.36
2020-09-01,2020-10-09,159949,259513,1.074,1.057,-4577.63
2020-09-01,2020-10-09,515050,617588,0.4513,0.4277,-14737.93
2020-10-09,2020-11-02,512400,337807,0.782,0.786,1192.32
2020-10-09,2020-11-02,159928,233816,1.1298,1.1512,4843.66
2020-10-09,2020-11-02,515070,214246,1.233,1.226,-1657.77
2020-10-09,2020-11-02,515980,461989,0.5718,0.5698,-1082.2
2020-10-09,2020-12-01,515880,673720,0.3921,0.3808,-7769.25
2020-11-02,2020-12-01,512200,89914,2.3577,2.4927,12007.55
2020-11-02,2020-12-01,513100,255104,0.831,0.8486,4361.29
2020-11-02,2020-12-01,513030,215877,0.982,1.094,24043.78
2020-11-02,2020-12-01,512330,197018,1.076,1.087,2039.35
2020-12-01,2021-01-04,512170,419381,0.648,0.7462,41007.8
2020-12-01,2021-01-04,512290,148583,1.829,1.92,13353.94
2020-12-01,2021-01-04,515960,220762,1.231,1.38,32720.62
2020-12-01,2021-01-04,512010,403024,0.6743,0.7799,42383.51
2020-12-01,2021-01-04,518890,73349,3.705,3.942,17215.44
2021-01-04,2021-02-01,512980,347274,0.867,0.877,3291.05
2021-01-04,2021-02-01,515880,839851,0.3585,0.3417,-14285.92
2021-01-04,2021-02-01,512890,462854,0.6505,0.6295,-9897.67
2021-01-04,2021-02-01,512330,289506,1.04,0.993,-13783.35
2021-01-04,2021-03-01,512200,131004,2.2983,2.328,3709.0
2021-02-01,2021-03-01,510880,93762,2.495,2.638,13263.58
2021-02-01,2021-03-01,515220,387439,0.6038,0.6361,12370.16
2021-02-01,2021-03-01,159804,221320,1.057,1.051,-1467.88
2021-02-01,2021-03-01,513030,211898,1.104,1.129,5155.5
2021-03-01,2021-04-01,515030,195170,1.541,1.465,-15008.92
2021-03-01,2021-04-01,515700,151362,1.987,1.868,-18187.13
2021-03-01,2021-04-01,513090,244518,1.23,1.264,8130.66
2021-03-01,2021-04-01,512660,258161,1.165,1.045,-31150.48
2021-03-01,2021-05-06,159995,242546,1.24,1.219,-5272.39
2021-04-01,2021-05-06,512480,255989,0.896,0.998,25965.43
2021-04-01,2021-05-06,515050,663292,0.3458,0.3579,7885.81
2021-04-01,2021-05-06,512710,307461,0.746,0.72,-8129.21
2021-04-01,2021-05-06,513050,111234,2.062,2.004,-6587.26
2021-05-06,2021-06-01,515880,930265,0.3142,0.3317,16099.38
2021-05-06,2021-06-01,512660,294646,0.992,1.138,42830.04
2021-05-06,2021-06-01,515300,261205,1.119,1.151,8180.68
2021-05-06,2021-06-01,512750,261673,1.117,1.144,6887.68
2021-05-06,2021-06-01,510230,260739,1.121,1.188,17288.9
2021-06-01,2021-07-01,513330,375049,0.828,0.833,1688.36
2021-06-01,2021-07-01,513050,156839,1.98,1.922,-9280.26
2021-06-01,2021-07-01,159985,243944,1.273,1.3,6398.19
2021-06-01,2021-07-01,159865,359839,0.863,0.84,-8460.14
2021-06-01,2021-07-01,513300,281287,1.104,1.19,23997.1
2021-07-01,2021-08-02,518860,85467,3.667,3.652,-1469.66
2021-07-01,2021-08-02,159905,119804,2.616,2.262,-42585.94
2021-07-01,2021-08-02,512200,145426,2.1551,1.9094,-35908.49
2021-07-01,2021-08-02,518800,87765,3.571,3.659,7532.96
2021-07-01,2021-09-01,159928,247950,1.264,1.002,-65131.46
2021-08-02,2021-09-01,513360,444070,0.532,0.505,-12128.04
2021-08-02,2021-09-01,512690,214964,1.099,1.108,1792.35
2021-08-02,2021-09-01,513060,233906,1.01,0.917,-21888.48
2021-08-02,2021-09-01,513050,148582,1.59,1.531,-8905.46
2021-09-01,2021-10-08,512170,397824,0.698,0.774,30058.94
2021-09-01,2021-10-08,512010,427860,0.649,0.687,16087.19
2021-09-01,2021-10-08,512480,214425,1.295,1.269,-5739.99
2021-09-01,2021-10-08,510660,88772,3.128,3.37,21309.77
2021-09-01,2021-10-08,159837,325535,0.853,0.885,10247.39
2021-10-08,2021-11-01,512400,207583,1.407,1.376,-6608.38
2021-10-08,2021-11-01,516650,233096,1.253,1.235,-4369.71
2021-10-08,2021-11-01,516150,202826,1.44,1.431,-2000.13
2021-10-08,2021-11-01,512660,233655,1.25,1.311,14073.44
2021-10-08,2021-11-01,515790,170501,1.713,1.87,26585.39
2021-11-01,2021-12-01,515210,177992,1.672,1.687,2490.52
2021-11-01,2021-12-01,510170,347749,0.8558,0.8664,3506.47
2021-11-01,2021-12-01,159745,337037,0.883,0.886,832.25
2021-11-01,2021-12-01,510880,104864,2.838,2.793,-4896.03
2021-11-01,2022-01-04,515220,310392,0.9588,0.9668,2303.83
2021-12-01,2022-01-04,159981,170701,1.397,1.443,7706.81
2021-12-01,2022-01-04,159792,264672,0.901,0.857,-11785.16
2021-12-01,2022-01-04,159850,332130,0.718,0.707,-3795.42
2021-12-01,2022-01-04,515450,208270,1.145,1.241,19844.84
2022-01-04,2022-02-07,159755,233213,1.29,1.166,-29090.24
2022-01-04,2022-02-07,515700,96796,3.108,2.792,-30758.86
2022-01-04,2022-02-07,515030,124831,2.41,2.16,-31378.89
2022-01-04,2022-02-07,561910,298161,1.009,0.907,-30583.8
2022-01-04,2022-03-01,512690,311756,0.965,0.858,-33528.39
2022-02-07,2022-03-01,513360,570767,0.379,0.385,3293.78
2022-02-07,2022-03-01,512170,382868,0.565,0.579,5228.75
2022-02-07,2022-03-01,515120,275919,0.784,0.797,3456.08
2022-02-07,2022-03-01,516150,168212,1.286,1.452,27785.02
2022-03-01,2022-04-01,159792,378387,0.734,0.638,-36480.9
2022-03-01,2022-04-01,516010,316689,0.877,0.873,-1433.02
2022-03-01,2022-04-01,159869,314181,0.884,0.874,-3307.51
2022-03-01,2022-04-01,516620,276629,1.004,0.96,-12334.67
2022-03-01,2022-04-01,159605,339531,0.818,0.719,-33770.13
2022-04-01,2022-05-05,516520,284455,0.915,0.804,-31721.2
2022-04-01,2022-05-05,159732,343372,0.758,0.67,-30363.84
2022-04-01,2022-05-05,515050,830227,0.3135,0.2885,-20905.61
2022-04-01,2022-05-05,512690,356543,0.73,0.78,17665.64
2022-04-01,2022-05-05,159786,329463,0.79,0.69,-33092.58
2022-05-05,2022-06-01,561910,377114,0.638,0.725,32654.72
2022-05-05,2022-06-01,159804,247021,0.974,1.07,23562.54
2022-05-05,2022-06-01,159851,579756,0.415,0.4296,8317.54
2022-05-05,2022-06-01,512330,313688,0.767,0.84,22748.0
2022-05-05,2022-06-01,510770,356971,0.674,0.755,28761.62
2022-06-01,2022-07-01,512800,481476,0.5479,0.573,11923.14
2022-06-01,2022-07-01,513100,303219,0.87,0.801,-21074.11
2022-06-01,2022-07-01,513300,246082,1.072,0.987,-21068.97
2022-06-01,2022-08-01,159980,162739,1.621,1.391,-37577.02
2022-06-01,2022-08-01,159941,403982,0.653,0.671,7111.21
2022-07-01,2022-08-01,513030,167663,0.908,0.933,4098.97
2022-07-01,2022-08-01,513080,140571,1.083,1.15,9324.09
2022-07-01,2022-08-01,513500,127289,1.196,1.309,14288.0
2022-08-01,2022-09-01,513690,359731,0.715,0.723,2722.66
2022-08-01,2022-09-01,159766,263532,0.976,0.979,636.03
2022-08-01,2022-09-01,513380,500209,0.5142,0.5221,3796.14
2022-08-01,2022-09-01,512690,312145,0.824,0.838,4214.39
2022-08-01,2022-09-01,159605,342943,0.75,0.81,20416.08
2022-09-01,2022-10-10,516110,240916,1.094,0.98,-27614.32
2022-09-01,2022-10-10,510500,42855,6.15,5.721,-18537.41
2022-09-01,2022-10-10,159755,245631,1.073,0.936,-33799.49
2022-09-01,2022-10-10,562500,345883,0.762,0.684,-27128.92
2022-09-01,2022-10-10,515030,130412,2.021,1.778,-31838.75
2022-10-10,2022-11-01,159792,437453,0.539,0.494,-19820.95
2022-10-10,2022-11-01,513120,317772,0.742,0.787,14153.98
2022-10-10,2022-11-01,513010,501675,0.47,0.409,-30734.47
2022-10-10,2022-12-01,513380,561666,0.4198,0.4852,36580.46
2022-10-10,2022-12-01,513130,509260,0.463,0.531,34477.82
2022-11-01,2022-12-01,159607,235842,0.569,0.788,51553.39
2022-11-01,2022-12-01,159605,235842,0.569,0.78,49667.22
2022-11-01,2022-12-01,513070,174052,0.771,1.02,43245.43
2022-12-01,2023-01-03,512710,353647,0.768,0.733,-12536.89
2022-12-01,2023-01-03,515790,185140,1.467,1.375,-17190.73
2022-12-01,2023-01-03,159638,296832,0.915,0.869,-13813.14
2022-12-01,2023-01-03,512660,238246,1.14,1.075,-15644.3
2022-12-01,2023-01-03,159852,327230,0.83,0.813,-5724.2
2023-01-03,2023-02-01,515220,245676,1.0527,1.1143,14973.93
2023-01-03,2023-02-01,562800,384284,0.673,0.772,37877.53
2023-01-03,2023-02-01,512200,133932,1.931,2.0066,9967.05
2023-01-03,2023-02-01,588010,282648,0.915,1.0,23862.7
2023-01-03,2023-02-01,159941,431758,0.599,0.632,14088.57
2023-02-01,2023-03-01,159766,257882,1.081,1.115,8598.1
2023-02-01,2023-03-01,513290,261757,1.065,1.036,-7755.94
2023-02-01,2023-03-01,510880,99242,2.809,2.899,8761.84
2023-02-01,2023-03-01,513360,479812,0.581,0.563,-8801.29
2023-02-01,2023-03-01,513500,216605,1.287,1.293,1131.98
2023-03-01,2023-04-03,513330,646199,0.432,0.461,18566.65
2023-03-01,2023-04-03,159792,425545,0.656,0.682,10893.36
2023-03-01,2023-04-03,159607,357436,0.781,0.824,15197.64
2023-03-01,2023-04-03,159605,357895,0.78,0.821,14501.8
2023-03-01,2023-05-04,513120,289883,0.963,0.916,-13787.91
2023-04-03,2023-05-04,159745,298041,0.789,0.758,-9377.59
2023-04-03,2023-05-04,513060,435472,0.54,0.553,5518.34
2023-04-03,2023-05-04,515210,177743,1.323,1.298,-4583.33
2023-04-03,2023-05-04,159870,307794,0.764,0.707,-17680.09
2023-05-04,2023-06-01,159732,441508,0.641,0.661,8657.71
2023-05-04,2023-06-01,159607,393064,0.72,0.688,-12744.08
2023-05-04,2023-06-01,159605,392519,0.721,0.689,-12726.64
2023-05-04,2023-06-01,513330,690260,0.41,0.389,-14660.92
2023-05-04,2023-06-01,512690,335713,0.843,0.755,-29703.68
2023-06-01,2023-07-03,159766,298868,0.906,0.878,-8528.26
2023-06-01,2023-07-03,513060,547019,0.495,0.49,-2896.74
2023-06-01,2023-07-03,513120,327814,0.826,0.799,-9010.79
2023-06-01,2023-07-03,159865,402340,0.673,0.69,6675.26
2023-06-01,2023-07-03,562900,343187,0.789,0.823,11502.39
2023-07-03,2023-08-01,588200,216258,1.25,1.196,-11836.62
2023-07-03,2023-08-01,515120,440984,0.613,0.625,5128.03
2023-07-03,2023-08-01,560080,211355,1.279,1.204,-16009.06
2023-07-03,2023-08-01,159837,518854,0.521,0.536,7618.28
2023-07-03,2023-08-01,562860,337904,0.8,0.83,9971.88
2023-08-01,2023-09-01,516010,225921,1.192,1.183,-2194.26
2023-08-01,2023-09-01,159869,223855,1.203,1.189,-3294.61
2023-08-01,2023-09-01,515880,670897,0.4014,0.3842,-11697.55
2023-08-01,2023-09-01,516510,244816,1.1,1.025,-18517.27
2023-08-01,2023-09-01,159725,313501,0.859,0.805,-17085.55
2023-09-01,2023-10-09,562800,478268,0.541,0.526,-7327.11
2023-09-01,2023-10-09,510770,419357,0.617,0.587,-12732.18
2023-09-01,2023-10-09,516970,225386,1.148,1.131,-3985.66
2023-09-01,2023-10-09,159755,351553,0.736,0.677,-20890.65
2023-09-01,2023-10-09,159766,305843,0.846,0.811,-10856.54
2023-10-09,2023-11-01,515800,263953,0.938,0.918,-5426.03
2023-10-09,2023-11-01,516010,230959,1.072,0.99,-19081.51
2023-10-09,2023-11-01,159869,227981,1.086,0.996,-20660.69
2023-10-09,2023-11-01,159792,414027,0.598,0.596,-976.36
2023-10-09,2023-12-01,512200,149311,1.6582,1.5151,-21508.55
2023-11-01,2023-12-01,516510,214840,0.879,0.909,6329.96
2023-11-01,2023-12-01,515880,549926,0.3434,0.3485,2690.47
2023-11-01,2023-12-01,159766,248479,0.76,0.756,-1106.92
2023-11-01,2023-12-01,517180,147190,1.283,1.262,-3203.37
2023-12-01,2024-01-02,159755,385884,0.609,0.607,-912.54
2023-12-01,2024-01-02,562010,348670,0.674,0.685,3693.22
2023-12-01,2024-01-02,516160,115719,2.0308,2.0758,5064.79
2023-12-01,2024-01-02,159761,470949,0.499,0.497,-1082.62
2023-12-01,2024-02-01,512910,242022,0.971,0.812,-38610.96
2024-01-02,2024-02-01,515100,148513,1.275,1.269,-1004.42
2024-01-02,2024-02-01,515450,160470,1.18,1.245,10313.81
2024-01-02,2024-02-01,512040,227317,0.833,0.802,-7158.33
2024-01-02,2024-02-01,517380,327038,0.579,0.446,-43596.62
2024-02-01,2024-03-01,588010,452462,0.487,0.541,24293.41
2024-02-01,2024-03-01,588030,309479,0.712,0.831,36684.74
2024-02-01,2024-03-01,588220,308180,0.715,0.836,37146.38
2024-02-01,2024-03-01,159852,395600,0.557,0.678,47721.03
2024-02-01,2024-03-01,512330,340570,0.647,0.785,46852.35
2024-03-01,2024-04-01,513870,211328,1.225,1.258,6816.41
2024-03-01,2024-04-01,513850,226886,1.141,1.169,6195.58
2024-03-01,2024-04-01,513520,163846,1.58,1.566,-2448.48
2024-03-01,2024-04-01,515790,306001,0.846,0.84,-1990.78
2024-03-01,2024-04-01,561370,299626,0.864,0.917,15720.09
2024-04-01,2024-05-06,513360,452374,0.583,0.583,-158.24
2024-04-01,2024-05-06,588200,280568,0.94,0.947,1805.15
2024-04-01,2024-05-06,513060,718622,0.367,0.377,7025.82
2024-04-01,2024-05-06,513120,409525,0.644,0.666,8848.61
2024-04-01,2024-05-06,517850,391297,0.674,0.685,4144.74
2024-05-06,2024-06-03,513000,191475,1.4,1.384,-3223.52
2024-05-06,2024-06-03,513520,186286,1.439,1.392,-8913.65
2024-05-06,2024-06-03,513500,152483,1.758,1.826,10204.89
2024-05-06,2024-06-03,513290,235145,1.14,1.157,3835.43
2024-05-06,2024-07-01,516620,299181,0.896,0.728,-50408.17
2024-06-03,2024-07-01,159869,248649,0.864,0.778,-21506.3
2024-06-03,2024-07-01,159851,521947,0.4116,0.378,-17661.06
2024-06-03,2024-07-01,516010,250388,0.858,0.775,-20904.87
2024-06-03,2024-07-01,512980,325999,0.659,0.61,-16098.06
2024-07-01,2024-08-01,512390,240731,1.01,1.012,335.43
2024-07-01,2024-08-01,515790,356508,0.682,0.689,2348.92
2024-07-01,2024-08-01,512200,214351,1.1343,1.1775,9111.3
2024-07-01,2024-08-01,512690,412799,0.589,0.571,-7574.04
2024-07-01,2024-08-01,159865,422849,0.575,0.571,-1836.77
2024-08-01,2024-09-02,515220,216354,1.126,1.1,-5769.69
2024-08-01,2024-09-02,159509,153313,1.589,1.564,-3977.84
2024-08-01,2024-09-02,159985,122174,1.994,1.915,-9795.02
2024-08-01,2024-09-02,513530,190473,1.279,1.271,-1669.5
2024-08-01,2024-09-02,562060,475904,0.5119,0.4918,-9708.97
2024-09-02,2024-10-08,515880,675293,0.3516,0.4895,92952.51
2024-09-02,2024-10-08,159819,373322,0.636,0.89,94652.88
2024-09-02,2024-10-08,159995,289552,0.82,1.069,71934.36
2024-09-02,2024-10-08,512480,350713,0.677,0.873,68576.67
2024-09-02,2024-10-08,515070,290260,0.818,1.122,88070.11
2024-10-08,2024-11-01,159509,225172,1.424,1.503,17590.86
2024-10-08,2024-11-01,513350,320005,1.002,0.96,-13628.56
2024-10-08,2024-11-01,513500,170013,1.886,1.965,13234.61
2024-10-08,2024-11-01,513290,269450,1.19,1.21,5195.0
2024-10-08,2024-11-01,513300,185558,1.728,1.825,17801.34
2024-11-01,2024-12-02,513520,238694,1.377,1.409,7438.71
2024-11-01,2024-12-02,513080,220148,1.493,1.467,-5919.34
2024-11-01,2024-12-02,513800,248812,1.321,1.373,12737.13
2024-11-01,2024-12-02,159985,172536,1.905,1.89,-2784.47
2024-11-01,2024-12-02,513000,238002,1.381,1.415,7892.43
2024-12-02,2025-01-02,515790,400666,0.83,0.757,-29439.38
2024-12-02,2025-01-02,517520,296922,1.12,1.066,-16228.51
2024-12-02,2025-01-02,159562,272808,1.219,1.169,-13835.84
2024-12-02,2025-01-02,159905,194135,1.713,1.651,-12232.29
2024-12-02,2025-01-02,159605,372400,0.893,0.899,2034.2
2025-01-02,2025-02-05,512200,218530,1.458,1.383,-16576.0
2025-01-02,2025-02-05,159558,273256,1.166,1.155,-3196.08
2025-01-02,2025-02-05,588010,574085,0.555,0.555,-191.17
2025-01-02,2025-02-05,159851,461630,0.6902,0.6775,-6052.11
2025-01-02,2025-03-03,588830,278268,1.145,1.18,9545.29
2025-02-05,2025-03-03,512880,228029,1.095,1.111,3497.55
2025-02-05,2025-03-03,159842,240551,1.038,1.053,3457.37
2025-02-05,2025-03-03,159539,222542,1.122,1.261,30774.24
2025-02-05,2025-03-03,515790,347277,0.719,0.745,8876.68
2025-03-03,2025-04-01,159687,237833,1.365,1.281,-20166.76
2025-03-03,2025-04-01,159561,267195,1.215,1.196,-5269.97
2025-03-03,2025-04-01,159329,303404,1.07,1.127,17094.05
2025-03-03,2025-04-01,159529,197591,1.643,1.551,-18367.7
2025-04-01,2025-05-06,159509,185945,1.368,1.427,10814.84
2025-04-01,2025-05-06,513390,162021,1.57,1.61,6326.27
2025-04-01,2025-05-06,513850,201404,1.263,1.289,5082.31
2025-04-01,2025-05-06,513870,191980,1.325,1.369,8291.96
2025-03-03,2025-06-03,513350,298384,1.088,0.899,-56572.44
2025-05-06,2025-06-03,159822,401348,0.649,0.682,13084.23
2025-05-06,2025-06-03,159329,260997,0.998,1.003,1148.31
2025-05-06,2025-06-03,515790,403837,0.645,0.638,-2982.3
2025-05-06,2025-06-03,515050,750432,0.3471,0.3506,2469.44
2025-06-03,2025-07-01,588750,322314,0.983,1.036,16887.42
2025-06-03,2025-07-01,159995,270568,1.171,1.228,15227.65
2025-06-03,2025-07-01,588200,215681,1.469,1.552,17706.05
2025-06-03,2025-07-01,512480,319390,0.992,1.049,18009.67
2025-06-03,2025-07-01,588100,247527,1.28,1.342,15151.97
2025-07-01,2025-08-01,512690,601853,0.554,0.567,7621.69
2025-07-01,2025-08-01,159736,479751,0.695,0.698,1238.77
2025-07-01,2025-08-01,159822,499890,0.667,0.696,14292.4
2025-07-01,2025-08-01,513730,282326,1.181,1.253,20121.32
2025-07-01,2025-08-01,159928,419933,0.794,0.805,4417.82
2025-08-01,2025-09-01,517520,242376,1.415,1.719,73454.42
2025-08-01,2025-09-01,159562,220271,1.557,1.891,73342.67
2025-08-01,2025-09-01,515450,239833,1.43,1.423,-1884.1
2025-08-01,2025-10-09,159529,226527,1.514,1.412,-23304.6
2025-09-01,2025-10-09,159329,251071,0.935,0.996,15169.89
2025-09-01,2025-10-09,159981,179886,1.305,1.275,-5535.81
2025-09-01,2025-10-09,513030,126824,1.851,1.885,4169.87
2025-08-01,2025-11-03,512800,403485,0.85,0.813,-15130.24
2025-10-09,2025-11-03,159851,325182,0.927,0.89,-12208.99
2025-10-09,2025-11-03,562860,401390,0.751,0.757,2226.75
2025-10-09,2025-11-03,510230,230286,1.309,1.363,12250.85
2025-10-09,2025-11-03,512660,244282,1.234,1.204,-7507.13
2025-11-03,2025-12-01,516010,255561,1.432,1.4,-8395.08
2025-11-03,2025-12-01,159869,252912,1.447,1.407,-10333.02
2025-11-03,2025-12-01,159792,379631,0.964,0.901,-24129.16
2025-11-03,2025-12-01,513040,232949,1.571,1.467,-24439.01
2025-11-03,2025-12-01,513060,552816,0.662,0.654,-4640.78
2025-12-01,2026-01-05,516150,203933,1.724,1.838,23030.44
2025-12-01,2026-01-05,513090,172852,2.034,2.046,1862.65
2025-12-01,2026-01-05,560170,368920,0.953,1.043,32981.89
2025-12-01,2026-01-05,588100,190146,1.849,1.946,18227.68
2025-12-01,2026-01-05,159995,211413,1.663,1.75,18176.47
2026-01-05,2026-02-02,513120,308435,1.201,1.265,19511.66
2026-01-05,2026-02-02,513060,632135,0.586,0.623,23159.72
2026-01-05,2026-02-02,515220,360341,1.028,1.101,26074.74
2026-01-05,2026-02-02,515100,258861,1.431,1.452,5212.19
2026-01-05,2026-02-02,512690,691103,0.536,0.536,-222.26
2026-02-02,2026-03-02,512800,497641,0.774,0.771,-1723.58
2026-02-02,2026-03-02,516110,285314,1.35,1.346,-1372.02
2026-02-02,2026-03-02,510230,284892,1.352,1.311,-11908.17
2026-02-02,2026-03-02,561910,477883,0.806,0.823,7890.47
2026-02-02,2026-03-02,159509,176766,2.179,2.093,-15428.42
2026-03-02,2026-04-01,159792,501537,0.759,0.693,-33319.91
2026-03-02,2026-04-01,513040,305511,1.246,1.132,-35046.21
2026-03-02,2026-04-01,513330,825742,0.461,0.424,-30771.69
2026-03-02,2026-04-01,513050,296700,1.283,1.205,-23364.06
2026-03-02,2026-04-01,159605,403249,0.944,0.888,-22803.57
2026-04-01,2026-05-06,560860,212841,1.652,1.742,18938.98
2026-04-01,2026-05-06,512400,173038,2.032,2.134,17433.61
2026-04-01,2026-05-06,516650,177583,1.98,2.073,16299.3
2026-05-06,2026-06-01,513350,174961,1.266,1.23,-6429.61
2026-05-06,2026-06-01,159766,336116,0.659,0.61,-16597.64
2026-05-06,2026-06-01,159745,346094,0.64,0.603,-12934.54
2026-06-01,2026-07-01,159378,183799,1.166,1.147,-3619.72
2026-06-01,2026-07-01,516570,218684,0.98,1.005,5336.87
2026-04-01,2026-07-14,517520,151037,2.328,1.736,-89598.05
2026-04-01,2026-07-14,159562,139529,2.52,1.826,-97015.04
2026-06-01,2026-07-14,515050,179489,1.194,1.282,15661.71
2026-07-01,2026-07-14,159667,187750,0.915,0.774,-26567.88
2026-07-01,2026-07-14,561380,187750,0.915,0.765,-28257.13
2026-07-01,2026-07-14,159611,166788,1.03,1.022,-1436.98
2026-07-01,2026-07-14,159625,143638,1.196,1.177,-2831.38
